method,statement,error_message,seed,param_api_delay,param_beta,param_log_level,param_max_tokens,param_n,param_num_candidates,param_num_retries,param_num_rounds,param_seed,param_temperature,issue,config_file,evaluation_status,generation_time_s
best_of_n,"Banning alcohol and cigarettes in public places is not supported due to concerns about effectiveness, potential negative consequences, and infringement on personal freedoms.",,42,0.5,1.0,INFO,150.0,1.0,,,,42,1.0,Should we ban the sale of alcohol and cigarettes in public places?,results/neurips/neurips_gemma_scenario3_habermas_vs_bon_20250513_040204/config.yaml,pending,5.411334753036499
best_of_n,"Banning alcohol and cigarettes in public places is not supported due to concerns about effectiveness, potential unintended consequences, and impact on personal freedom.",,42,0.5,1.0,INFO,150.0,3.0,,,,42,1.0,Should we ban the sale of alcohol and cigarettes in public places?,results/neurips/neurips_gemma_scenario3_habermas_vs_bon_20250513_040204/config.yaml,pending,14.535433769226074
habermas_machine,The jury believes that banning alcohol and cigarettes in public places is not the appropriate solution and that upholding responsible consumption and age restrictions is a more effective approach.,,42,,,,,,1.0,2.0,1.0,42,,Should we ban the sale of alcohol and cigarettes in public places?,results/neurips/neurips_gemma_scenario3_habermas_vs_bon_20250513_040204/config.yaml,pending,2.032349109649658
best_of_n,"Banning alcohol and cigarettes in public places is not supported, as it would be ineffective and potentially harmful, while respecting individual responsible choices.",,42,0.5,1.0,INFO,150.0,5.0,,,,42,1.0,Should we ban the sale of alcohol and cigarettes in public places?,results/neurips/neurips_gemma_scenario3_habermas_vs_bon_20250513_040204/config.yaml,pending,24.002749919891357
best_of_n,"Banning alcohol and cigarettes in public places is not the most effective solution.  Focus should be on responsible consumption, age restrictions, and addressing antisocial behavior.",,42,0.5,1.0,INFO,150.0,10.0,,,,42,1.0,Should we ban the sale of alcohol and cigarettes in public places?,results/neurips/neurips_gemma_scenario3_habermas_vs_bon_20250513_040204/config.yaml,pending,50.24012899398804
habermas_machine,"We believe a ban on alcohol and cigarette sales is not the right approach. Instead, we support targeted measures to address antisocial behavior, enforce age restrictions with ID checks, and encourage responsible consumption practices. We recognize the potential economic impact and encourage responsible business practices to mitigate job losses.",,42,,,,,,3.0,2.0,1.0,42,,Should we ban the sale of alcohol and cigarettes in public places?,results/neurips/neurips_gemma_scenario3_habermas_vs_bon_20250513_040204/config.yaml,pending,49.873013973236084
habermas_machine,"We believe individuals should be responsible, but a ban could lead to unintended negative consequences like increased crime. We should explore alternative approaches to manage these risks.",,42,,,,,,5.0,2.0,1.0,42,,Should we ban the sale of alcohol and cigarettes in public places?,results/neurips/neurips_gemma_scenario3_habermas_vs_bon_20250513_040204/config.yaml,pending,55.34038209915161
best_of_n,"Banning alcohol and cigarettes in public places  is overly restrictive. 
Enforcement would be difficult and could lead to unintended consequences.  
Fostering responsible use and enforcing existing age restrictions are more effective.",,42,0.5,1.0,INFO,150.0,20.0,,,,42,1.0,Should we ban the sale of alcohol and cigarettes in public places?,results/neurips/neurips_gemma_scenario3_habermas_vs_bon_20250513_040204/config.yaml,pending,97.29992818832397
habermas_machine,We believe promoting responsible use and awareness about the potential harms of alcohol and cigarettes is a more effective approach than banning them in public places.,,42,,,,,,10.0,2.0,1.0,42,,Should we ban the sale of alcohol and cigarettes in public places?,results/neurips/neurips_gemma_scenario3_habermas_vs_bon_20250513_040204/config.yaml,pending,58.91578984260559
habermas_machine,"We believe alternative measures are needed to address antisocial behavior related to alcohol and cigarettes in public spaces.  A ban on sales could negatively impact the hospitality industry and lead to unintended consequences. We support responsible consumption, age restrictions, and further exploration of targeted solutions.",,42,,,,,,20.0,2.0,1.0,42,,Should we ban the sale of alcohol and cigarettes in public places?,results/neurips/neurips_gemma_scenario3_habermas_vs_bon_20250513_040204/config.yaml,pending,85.032879114151
habermas_machine,"We believe promoting responsible consumption, enforcing age restrictions with ID checks, and addressing anti-social behavior are more effective than banning alcohol and cigarettes in public places.",,42,,,,,,50.0,2.0,1.0,42,,Should we ban the sale of alcohol and cigarettes in public places?,results/neurips/neurips_gemma_scenario3_habermas_vs_bon_20250513_040204/config.yaml,pending,161.21197605133057
best_of_n,"Public sale of alcohol and cigarettes should remain legal,  but stricter enforcement of age restrictions and responsible consumption is needed.",,42,0.5,1.0,INFO,150.0,50.0,,,,42,1.0,Should we ban the sale of alcohol and cigarettes in public places?,results/neurips/neurips_gemma_scenario3_habermas_vs_bon_20250513_040204/config.yaml,pending,241.38618397712708
best_of_n,We agree that outright bans are ineffective and potentially harmful.  We support responsible consumption and stricter age verification measures.,,43,0.5,1.0,INFO,150.0,1.0,,,,43,1.0,Should we ban the sale of alcohol and cigarettes in public places?,results/neurips/neurips_gemma_scenario3_habermas_vs_bon_20250513_040204/config.yaml,pending,4.691645860671997
best_of_n,Banning alcohol and cigarettes in public places is not supported.  Responsible use and targeted measures against anti-social behavior are preferred.,,43,0.5,1.0,INFO,150.0,3.0,,,,43,1.0,Should we ban the sale of alcohol and cigarettes in public places?,results/neurips/neurips_gemma_scenario3_habermas_vs_bon_20250513_040204/config.yaml,pending,14.008975744247437
habermas_machine,"We believe that  banning the sale of alcohol and cigarettes in public places is not the right approach. Instead, we should focus on promoting responsible consumption and enforcing age restrictions.",,43,,,,,,1.0,2.0,1.0,43,,Should we ban the sale of alcohol and cigarettes in public places?,results/neurips/neurips_gemma_scenario3_habermas_vs_bon_20250513_040204/config.yaml,pending,1.5116500854492188
best_of_n,Banning alcohol and cigarettes in public places is not the most effective approach.,,43,0.5,1.0,INFO,150.0,5.0,,,,43,1.0,Should we ban the sale of alcohol and cigarettes in public places?,results/neurips/neurips_gemma_scenario3_habermas_vs_bon_20250513_040204/config.yaml,pending,23.20614194869995
best_of_n,Banning alcohol and cigarettes in public places is unnecessary and impractical.,,43,0.5,1.0,INFO,150.0,10.0,,,,43,1.0,Should we ban the sale of alcohol and cigarettes in public places?,results/neurips/neurips_gemma_scenario3_habermas_vs_bon_20250513_040204/config.yaml,pending,46.4026780128479
habermas_machine,"We believe a ban on alcohol and cigarettes in public places is not the right approach, as it risks infringing on personal freedom, harming businesses, and potentially leading to an increase in crime through an illicit market. We support responsible consumption through age restrictions and ID checks.",,43,,,,,,3.0,2.0,1.0,43,,Should we ban the sale of alcohol and cigarettes in public places?,results/neurips/neurips_gemma_scenario3_habermas_vs_bon_20250513_040204/config.yaml,pending,47.60168409347534
habermas_machine,"We do not support banning alcohol and cigarettes in public places. We believe responsible consumption with strict age restrictions is essential, and we should explore alternative solutions to address antisocial behavior while minimizing harm to businesses.",,43,,,,,,5.0,2.0,1.0,43,,Should we ban the sale of alcohol and cigarettes in public places?,results/neurips/neurips_gemma_scenario3_habermas_vs_bon_20250513_040204/config.yaml,pending,55.92163276672363
best_of_n,"While recognizing public health concerns, a blanket ban on alcohol and cigarette sales in public places is unlikely to be effective and may lead to unintended consequences.",,43,0.5,1.0,INFO,150.0,20.0,,,,43,1.0,Should we ban the sale of alcohol and cigarettes in public places?,results/neurips/neurips_gemma_scenario3_habermas_vs_bon_20250513_040204/config.yaml,pending,96.22120189666748
habermas_machine,"We believe personal responsibility and age restrictions are the most effective approach, minimizing the potential for a black market while ensuring responsible use of alcohol and cigarettes in public places.",,43,,,,,,10.0,2.0,1.0,43,,Should we ban the sale of alcohol and cigarettes in public places?,results/neurips/neurips_gemma_scenario3_habermas_vs_bon_20250513_040204/config.yaml,pending,64.85205721855164
habermas_machine,We oppose banning alcohol and cigarettes in public places while recognizing the need for responsible use and the potential economic and social impacts of such a ban.,,43,,,,,,20.0,2.0,1.0,43,,Should we ban the sale of alcohol and cigarettes in public places?,results/neurips/neurips_gemma_scenario3_habermas_vs_bon_20250513_040204/config.yaml,pending,90.68213200569153
habermas_machine,"We believe individuals should have the freedom to choose to consume alcohol and cigarettes responsibly in public, but also acknowledge the need for measures to address antisocial behavior and mitigate potential negative consequences.",,43,,,,,,50.0,2.0,1.0,43,,Should we ban the sale of alcohol and cigarettes in public places?,results/neurips/neurips_gemma_scenario3_habermas_vs_bon_20250513_040204/config.yaml,pending,152.90939712524414
best_of_n,"Banning alcohol and cigarettes in public places  is overly restrictive. 
Enforcement would be difficult and could lead to unintended consequences.  
Fostering responsible consumption through education and age-restricted sales is a more effective approach.",,43,0.5,1.0,INFO,150.0,50.0,,,,43,1.0,Should we ban the sale of alcohol and cigarettes in public places?,results/neurips/neurips_gemma_scenario3_habermas_vs_bon_20250513_040204/config.yaml,pending,240.07350969314575
best_of_n,Banning alcohol and cigarettes in public places is not supported.  Responsible use and targeted measures against anti-social behavior are preferred.,,44,0.5,1.0,INFO,150.0,1.0,,,,44,1.0,Should we ban the sale of alcohol and cigarettes in public places?,results/neurips/neurips_gemma_scenario3_habermas_vs_bon_20250513_040204/config.yaml,pending,4.521121025085449
best_of_n,Banning alcohol and cigarettes in public places is impractical and likely ineffective.  Careful regulation and responsible consumption are key.,,44,0.5,1.0,INFO,150.0,3.0,,,,44,1.0,Should we ban the sale of alcohol and cigarettes in public places?,results/neurips/neurips_gemma_scenario3_habermas_vs_bon_20250513_040204/config.yaml,pending,14.086037874221802
habermas_machine,We believe that banning alcohol and cigarettes in public places is not an effective or appropriate solution.,,44,,,,,,1.0,2.0,1.0,44,,Should we ban the sale of alcohol and cigarettes in public places?,results/neurips/neurips_gemma_scenario3_habermas_vs_bon_20250513_040204/config.yaml,pending,1.4591081142425537
best_of_n,Banning alcohol and cigarettes in public places is overly restrictive.  Responsible consumption should be encouraged with age restrictions and efforts to discourage antisocial behavior.,,44,0.5,1.0,INFO,150.0,5.0,,,,44,1.0,Should we ban the sale of alcohol and cigarettes in public places?,results/neurips/neurips_gemma_scenario3_habermas_vs_bon_20250513_040204/config.yaml,pending,23.714600086212158
best_of_n,"Banning alcohol and cigarettes in public places  is overly restrictive. 
Enforcement would be difficult and could lead to unintended consequences.  
Fostering responsible use and enforcing existing age laws are more effective approaches.",,44,0.5,1.0,INFO,150.0,10.0,,,,44,1.0,Should we ban the sale of alcohol and cigarettes in public places?,results/neurips/neurips_gemma_scenario3_habermas_vs_bon_20250513_040204/config.yaml,pending,48.06562113761902
habermas_machine,"We believe promoting responsible consumption and enforcing age restrictions are effective approaches. While acknowledging the health risks of smoking, we do not support a blanket ban on cigarette sales in public places.",,44,,,,,,3.0,2.0,1.0,44,,Should we ban the sale of alcohol and cigarettes in public places?,results/neurips/neurips_gemma_scenario3_habermas_vs_bon_20250513_040204/config.yaml,pending,44.78087401390076
habermas_machine,"We believe a complete ban is ineffective and harmful, potentially damaging businesses and increasing crime.  Instead, we support promoting responsible use, targeted measures against antisocial behavior, and acknowledging the unique health risks associated with cigarettes.",,44,,,,,,5.0,2.0,1.0,44,,Should we ban the sale of alcohol and cigarettes in public places?,results/neurips/neurips_gemma_scenario3_habermas_vs_bon_20250513_040204/config.yaml,pending,56.471911907196045
best_of_n,"While recognizing public health concerns, a blanket ban on alcohol and cigarette sales in public places is unlikely to be effective and may lead to unintended consequences.",,44,0.5,1.0,INFO,150.0,20.0,,,,44,1.0,Should we ban the sale of alcohol and cigarettes in public places?,results/neurips/neurips_gemma_scenario3_habermas_vs_bon_20250513_040204/config.yaml,pending,95.08231019973755
habermas_machine,"We believe that while  age enforcement is crucial, a complete ban on alcohol and cigarettes in public places is unwarranted. Such a ban could lead to unintended consequences like increased crime and the proliferation of an underground market, and doesn't adequately address the unique harms associated with cigarettes.",,44,,,,,,10.0,2.0,1.0,44,,Should we ban the sale of alcohol and cigarettes in public places?,results/neurips/neurips_gemma_scenario3_habermas_vs_bon_20250513_040204/config.yaml,pending,68.42766404151917
habermas_machine,"We oppose outright bans on alcohol and cigarettes in public places, recognizing the potential harm to businesses and jobs. Instead, we support measures that both promote responsible consumption and target antisocial behavior related to alcohol and cigarettes.",,44,,,,,,20.0,2.0,1.0,44,,Should we ban the sale of alcohol and cigarettes in public places?,results/neurips/neurips_gemma_scenario3_habermas_vs_bon_20250513_040204/config.yaml,pending,96.56042408943176
habermas_machine,"We believe a complete ban on alcohol and cigarette sales in public places is not the best solution. Instead, we should explore measures to encourage responsible use and address antisocial behavior while considering the potential economic impact on businesses.",,44,,,,,,50.0,2.0,1.0,44,,Should we ban the sale of alcohol and cigarettes in public places?,results/neurips/neurips_gemma_scenario3_habermas_vs_bon_20250513_040204/config.yaml,pending,149.66101098060608
best_of_n,"Public sale of alcohol and cigarettes should remain legal,  but stricter enforcement of age restrictions and responsible consumption is needed.",,44,0.5,1.0,INFO,150.0,50.0,,,,44,1.0,Should we ban the sale of alcohol and cigarettes in public places?,results/neurips/neurips_gemma_scenario3_habermas_vs_bon_20250513_040204/config.yaml,pending,237.69608092308044
